904 Grand Dr.,Little Falls,NJ,07424
34 Del Monte Lane,Woburn,MA,01801
7863 Foxrun Circle,Lawrenceville,GA,30043
448 Cleveland Court,Ozone Park,NY,11417
823 Birch Hill Dr.,West Bloomfield,MI,48322
7629 Ridgeview St.,South Plainfield,NJ,07080
216 W. Meadow Lane,Fresh Meadows,NY,11365
544 Depot Court,Revere,MA,02151
231 William St.,Mechanicsville,VA,23111
54 Grand Ave.,Merrimack,NH,03054
8103 Smith St.,South Lyon,MI,48178
62 Bayberry Lane,Garland,TX,75043
2 S. Cactus Ave.,Granger,IN,46530
761 Jefferson St.,Goose Creek,SC,29445
7736 Mechanic St.,Stafford,VA,22554
931 Amherst St.,North Royalton,OH,44133
52 Sulphur Springs Street,Huntington,NY,11743
960 Fairfield St.,Vista,CA,92083
78 West Gartner Street,Hackensack,NJ,07601
21 State Lane,Cockeysville,MD,21030
485 Manhattan Ave.,Clifton Park,NY,12065
953 Prince Street,Atwater,CA,95301
836 Illinois Drive,Manahawkin,NJ,08050
814 Chestnut Dr.,Olney,MD,20832
9074 County Street,Petersburg,VA,23803
96 Talbot Lane,Fairmont,WV,26554
34 Kirkland Dr.,Feasterville Trevose,PA,19053
8268 Garfield Drive,Fleming Island,FL,32003
141 Iroquois Road,Lansing,MI,48910
924 North Court,Hephzibah,GA,30815
334 Sunbeam St.,Hopkinsville,KY,42240
9991 Greystone St.,Elkhart,IN,46514
26 Willow Ave.,Union City,NJ,07087
72 Grand Dr.,Harvey,IL,60426
134 E. Wentworth Street,Klamath Falls,OR,97603
8124 Arlington St.,Fort Washington,MD,20744
8540 Canterbury Court,Perth Amboy,NJ,08861
8 Oakwood Circle,Stockbridge,GA,30281
982 Valley St.,Brentwood,NY,11717
4 Maple Lane,Englishtown,NJ,07726
1 Pumpkin Hill Dr.,Reston,VA,20191
1 Riverview St.,Copperas Cove,TX,76522
53 Greenview Ave.,Norwalk,CT,06851
346 Brookside Lane,Cockeysville,MD,21030
8742 Middle River St.,Powell,TN,37849
8809 Edgewood Dr.,Belleville,NJ,07109
205 Atlantic Road,Wethersfield,CT,06109
42 Summer Court,Kenosha,WI,53140
7208 East Parker St.,Fair Lawn,NJ,07410
966 Jones St.,Forest Hills,NY,11375